[{"Locked":false,"Price":25000,"Entrance":{"z":28.57,"y":6206.16,"x":-467.88},"furniture":[],"plysinside":[],"Keys":[],"Owned":false,"Owner":"","OwnerName":"","setName":"","garage":{"enabled":false,"StoredVehicles":[]},"cctv":{"maxleft":90.71163940429688,"maxright":-88.02642059326172,"enabled":true,"rot":{"z":2.7542073726654,"y":2.7045992112562097e-8,"x":-9.43104267120361}},"positions":{"Wardrobe":{"z":-99.00859832763672,"y":-1003.45947265625,"x":259.9942932128906}},"Name":"1076 Procopio Dr","Interior":"low-end"},{"Locked":false,"Price":25000,"Entrance":{"z":29.07,"y":6260.23,"x":-448.02},"furniture":[],"plysinside":[],"Keys":[],"Owned":false,"Owner":"","OwnerName":"","setName":"","garage":{"enabled":false,"StoredVehicles":[]},"cctv":{"maxleft":-113.61099243164064,"maxright":70.65039825439453,"enabled":true,"rot":{"z":162.9940643310547,"y":-0.0,"x":3.75689458847045}},"positions":{"Wardrobe":{"z":-99.00859832763672,"y":-1003.45947265625,"x":259.9942932128906}},"Name":"1075 Procopio Dr","Interior":"low-end"},{"Locked":false,"Owned":false,"Entrance":{"z":27.96,"y":6314.13,"x":-407.35},"furniture":[],"plysinside":[],"Price":25000,"Owner":"","Keys":[],"setName":"","garage":{"enabled":false,"StoredVehicles":[]},"cctv":{"maxleft":-54.77568435668945,"maxright":135.13072204589845,"enabled":true,"rot":{"z":-138.95835876464845,"y":-0.0,"x":-1.16786921024322}},"positions":{"Wardrobe":{"z":-99.00859832763672,"y":-1003.45947265625,"x":259.9942932128906}},"Name":"1074 Procopio Dr","Interior":"low-end"},{"Locked":false,"Owned":false,"Entrance":{"z":28.86,"y":6341.62,"x":-368.23},"furniture":[],"plysinside":[],"Price":25000,"Owner":"","Keys":[],"setName":"","garage":{"enabled":false,"StoredVehicles":[]},"cctv":{"maxleft":-51.56189727783203,"maxright":132.70008850097657,"enabled":true,"rot":{"z":-139.94163513183598,"y":-0.0,"x":-2.56643605232238}},"positions":{"Wardrobe":{"z":-99.00859832763672,"y":-1003.45947265625,"x":259.9942932128906}},"Name":"1073 Procopio Dr","Interior":"low-end"},{"Locked":false,"Owned":false,"Entrance":{"z":30.52,"y":6400.88,"x":-272.61},"furniture":[],"plysinside":[],"Price":25000,"Owner":"","Keys":[],"setName":"","garage":{"enabled":false,"StoredVehicles":[]},"cctv":{"maxleft":-65.34387969970703,"maxright":123.2501983642578,"enabled":true,"rot":{"z":-152.39810180664066,"y":-0.0,"x":-7.54235982894897}},"positions":{"Wardrobe":{"z":-99.00859832763672,"y":-1003.45947265625,"x":259.9942932128906}},"Name":"1071 Procopio Dr","Interior":"low-end"},{"Locked":false,"Owned":false,"Entrance":{"z":30.48,"y":6414.46,"x":-246.14},"furniture":[],"plysinside":[],"Price":25000,"Owner":"","Keys":[],"setName":"","garage":{"enabled":false,"StoredVehicles":[]},"cctv":{"maxleft":-148.38644409179688,"maxright":38.33782577514648,"enabled":true,"rot":{"z":128.27305603027345,"y":4.379791960218428e-7,"x":-12.92249584197998}},"positions":{"Wardrobe":{"z":-99.00859832763672,"y":-1003.45947265625,"x":259.9942932128906}},"Name":"1071 Procopio Dr","Interior":"low-end"},{"Locked":false,"Owned":false,"Entrance":{"z":30.22,"y":6445.48,"x":-229.63},"furniture":[],"plysinside":[],"Price":27500,"Owner":"","Keys":[],"setName":"","garage":{"enabled":false,"StoredVehicles":[]},"cctv":{"maxleft":-135.48313903808598,"maxright":48.30059432983398,"enabled":true,"rot":{"z":137.8870849609375,"y":2.1444458297992242e-7,"x":-5.53862285614013}},"positions":{"Wardrobe":{"z":-99.14720153808594,"y":-994.2987060546876,"x":350.7424926757813}},"Name":"1070 Procopio Dr","Interior":"mid-end"},{"Locked":false,"Owned":false,"Entrance":{"z":28.89,"y":6551.76,"x":-130.8},"furniture":[],"plysinside":[],"Price":27500,"Owner":"","Keys":[],"setName":"","garage":{"enabled":false,"StoredVehicles":[]},"cctv":{"maxleft":-46.79578399658203,"maxright":138.85032653808598,"enabled":true,"rot":{"z":-134.93411254882813,"y":1.0691521623584777e-7,"x":3.44796895980834}},"positions":{"Wardrobe":{"z":-99.14720153808594,"y":-994.2987060546876,"x":350.7424926757813}},"Name":"1067 Procopio Dr","Interior":"mid-end"},{"Locked":false,"Owned":false,"Entrance":{"z":30.11,"y":6637.3,"x":-41.72},"furniture":[],"plysinside":[],"Price":25000,"Owner":"","Keys":[],"setName":"","garage":{"enabled":false,"StoredVehicles":[]},"cctv":{"maxleft":-56.39479827880859,"maxright":129.07382202148438,"enabled":true,"rot":{"z":-144.0503692626953,"y":-1.3340336835199196e-8,"x":-0.24611411988735}},"positions":{"Wardrobe":{"z":-99.00859832763672,"y":-1003.45947265625,"x":259.9942932128906}},"Name":"1065 Procopio Dr","Interior":"low-end"},{"Locked":false,"Owned":false,"Entrance":{"z":30.72,"y":6654.13,"x":-9.62},"furniture":[],"plysinside":[],"Price":25000,"Owner":"","Keys":[],"setName":"","garage":{"enabled":false,"StoredVehicles":[]},"cctv":{"maxleft":-68.07413482666016,"maxright":116.67019653320313,"enabled":true,"rot":{"z":-155.01153564453126,"y":-1.068413766347477e-7,"x":-2.71219563484191}},"positions":{"Wardrobe":{"z":-99.00859832763672,"y":-1003.45947265625,"x":259.9942932128906}},"Name":"1064 Procopio Dr","Interior":"low-end"},{"Locked":false,"Owned":false,"Entrance":{"z":30.86,"y":6207.33,"x":-356.82},"furniture":[],"plysinside":[],"Price":25000,"Owner":"","Keys":[],"setName":"","garage":{"enabled":false,"StoredVehicles":[]},"cctv":{"maxleft":-45.94052505493164,"maxright":135.7574005126953,"enabled":true,"rot":{"z":-133.8831787109375,"y":-0.0,"x":-2.77191710472106}},"positions":{"Wardrobe":{"z":-99.00859832763672,"y":-1003.45947265625,"x":259.9942932128906}},"Name":"1034 Paleto Blvd","Interior":"low-end"},{"Locked":false,"Owned":false,"Entrance":{"z":30.87,"y":6252.75,"x":-379.92},"furniture":[],"plysinside":[],"Price":25000,"Owner":"","Keys":[],"setName":"","garage":{"enabled":false,"StoredVehicles":[]},"cctv":{"maxleft":42.09032440185547,"maxright":-131.2773895263672,"enabled":true,"rot":{"z":-40.4444465637207,"y":4.32035335506953e-7,"x":-8.85426330566406}},"positions":{"Wardrobe":{"z":-99.00859832763672,"y":-1003.45947265625,"x":259.9942932128906}},"Name":"1034 Procopio Dr","Interior":"low-end"},{"Locked":false,"Owned":false,"Entrance":{"z":31.91,"y":6326.99,"x":-302.19},"furniture":[],"plysinside":[],"Price":25000,"Owner":"","Keys":[],"setName":"","garage":{"enabled":false,"StoredVehicles":[]},"cctv":{"maxleft":133.55870056152345,"maxright":-42.54082870483398,"enabled":true,"rot":{"z":44.16030502319336,"y":-9.440947223993136e-7,"x":-25.26673126220703}},"positions":{"Wardrobe":{"z":-99.00859832763672,"y":-1003.45947265625,"x":259.9942932128906}},"Name":"1047 Paleto Blvd","Interior":"low-end"},{"Locked":false,"Owned":false,"Entrance":{"z":30.9,"y":6225.21,"x":-347.3},"furniture":[],"plysinside":[],"Price":25000,"Owner":"","Keys":[],"setName":"","garage":{"enabled":false,"StoredVehicles":[]},"cctv":{"maxleft":-43.60107040405273,"maxright":134.7738800048828,"enabled":true,"rot":{"z":-137.5096435546875,"y":-0.0,"x":-1.57497417926788}},"positions":{"Wardrobe":{"z":-99.00859832763672,"y":-1003.45947265625,"x":259.9942932128906}},"Name":"1043 Paleto Blvd","Interior":"low-end"},{"Locked":false,"Owned":false,"Entrance":{"z":32.26,"y":6557.45,"x":-15.3},"furniture":[],"plysinside":[],"Price":25000,"Owner":"","Keys":[],"setName":"","garage":{"enabled":false,"StoredVehicles":[]},"cctv":{"maxleft":43.89247512817383,"maxright":-133.83499145507813,"enabled":true,"rot":{"z":-45.87245941162109,"y":-0.0,"x":-11.80154037475586}},"positions":{"Wardrobe":{"z":-99.14720153808594,"y":-994.2987060546876,"x":350.7424926757813}},"Name":"1059 Paleto Blvd","Interior":"mid-end"},{"Locked":false,"Owned":false,"Entrance":{"z":32.1,"y":6568.19,"x":4.43},"furniture":[],"plysinside":[],"Price":27500,"Owner":"","Keys":[],"setName":"","garage":{"enabled":false,"StoredVehicles":[]},"cctv":{"maxleft":-139.30752563476566,"maxright":44.53319549560547,"enabled":true,"rot":{"z":129.4863433837891,"y":2.144746105159357e-7,"x":-5.62087059020996}},"positions":{"Wardrobe":{"z":-99.14720153808594,"y":-994.2987060546876,"x":350.7424926757813}},"Name":"1061 Paleto Blvd","Interior":"mid-end"},{"Locked":false,"Owned":false,"Entrance":{"z":31.84,"y":6596.46,"x":31.0},"furniture":[],"plysinside":[],"Price":27500,"Owner":"","Keys":[],"setName":"","garage":{"enabled":false,"StoredVehicles":[]},"cctv":{"maxleft":-43.43285751342773,"maxright":-159.96804809570313,"enabled":true,"rot":{"z":-94.7632293701172,"y":-0.0,"x":-5.83577966690063}},"positions":{"Wardrobe":{"z":-99.14720153808594,"y":-994.2987060546876,"x":350.7424926757813}},"Name":"1061 Paleto Blvd","Interior":"mid-end"},{"Locked":false,"Owned":false,"Entrance":{"z":42.9,"y":4642.33,"x":1725.06},"furniture":[],"plysinside":[],"Price":12500,"Owner":"","Keys":[],"setName":"","garage":{"enabled":false,"StoredVehicles":[]},"cctv":{"maxleft":80,"maxright":-20,"enabled":false,"rot":{"z":-63.00457000732422,"y":-0.0,"x":-6.35934734344482}},"positions":{"Wardrobe":{"z":-99.00859832763672,"y":-1003.45947265625,"x":259.9942932128906}},"Name":"2016 Grapeseed Main St","Interior":"low-end"},{"Locked":false,"Owned":false,"Entrance":{"z":42.39,"y":4658.22,"x":1674.01},"furniture":[],"plysinside":[],"Price":12500,"Owner":"","Keys":[],"setName":"","garage":{"enabled":false,"StoredVehicles":[]},"cctv":{"maxleft":80,"maxright":-20,"enabled":false,"rot":{"z":91.53390502929688,"y":2.7858778395284394e-8,"x":-16.72389602661132}},"positions":{"Wardrobe":{"z":-99.00859832763672,"y":-1003.45947265625,"x":259.9942932128906}},"Name":"2015 Grapeseed Main St","Interior":"low-end"},{"Locked":false,"Owned":false,"Entrance":{"z":42.68,"y":4677.34,"x":1718.91},"furniture":[],"plysinside":[],"Price":7500,"Owner":"","Keys":[],"setName":"","garage":{"enabled":false,"StoredVehicles":[]},"cctv":{"maxleft":80,"maxright":-20,"enabled":false,"rot":{"z":-93.13695526123049,"y":-0.0,"x":-29.83987236022949}},"positions":{"Wardrobe":{"z":-99.00859832763672,"y":-1003.45947265625,"x":259.9942932128906}},"Name":"2014 Grapeseed Main St","Interior":"low-end"},{"Locked":false,"Owned":false,"Entrance":{"z":42.09,"y":4689.52,"x":1682.85},"furniture":[],"plysinside":[],"Price":7500,"Owner":"","Keys":[],"setName":"","garage":{"enabled":false,"StoredVehicles":[]},"cctv":{"maxleft":80,"maxright":-20,"enabled":false,"rot":{"z":91.7155303955078,"y":-0.0,"x":-6.32857131958007}},"positions":{"Wardrobe":{"z":-99.00859832763672,"y":-1003.45947265625,"x":259.9942932128906}},"Name":"2013 Grapeseed Main St","Interior":"low-end"},{"Locked":false,"Owned":false,"Entrance":{"z":41.03,"y":4739.5,"x":1664.0},"furniture":[],"plysinside":[],"Price":10000,"Owner":"","Keys":[],"setName":"","garage":{"enabled":false,"StoredVehicles":[]},"cctv":{"maxleft":80,"maxright":-20,"enabled":false,"rot":{"z":110.03758239746094,"y":-0.0,"x":-18.96443367004394}},"positions":{"Wardrobe":{"z":-99.00859832763672,"y":-1003.45947265625,"x":259.9942932128906}},"Name":"2011 Grapeseed Main St","Interior":"low-end"},{"Locked":false,"Owned":false,"Entrance":{"z":32.23,"y":3920.59,"x":1880.27},"furniture":[],"plysinside":[],"Price":10000,"Owner":"","Keys":[],"setName":"","garage":{"enabled":false,"StoredVehicles":[]},"cctv":{"maxleft":80,"maxright":-20,"enabled":false,"rot":{"z":-77.30774688720703,"y":-0.0,"x":-14.36374378204345}},"positions":{"Wardrobe":{"z":-99.00859832763672,"y":-1003.45947265625,"x":259.9942932128906}},"Name":"3012 Niland Ave","Interior":"low-end"},{"Locked":false,"Owned":false,"Entrance":{"z":32.48,"y":3914.59,"x":1846.06},"furniture":[],"plysinside":[],"Price":9000,"Owner":"","Keys":[],"setName":"","garage":{"enabled":false,"StoredVehicles":[]},"cctv":{"maxleft":80,"maxright":-20,"enabled":false,"rot":{"z":103.60260009765624,"y":-2.1725810483985698e-7,"x":-10.75266551971435}},"positions":{"Wardrobe":{"z":-99.00859832763672,"y":-1003.45947265625,"x":259.9942932128906}},"Name":"3013 Niland Ave","Interior":"low-end"},{"Locked":false,"Owned":false,"Entrance":{"z":36.08,"y":3913.8,"x":1803.57},"furniture":[],"plysinside":[],"Price":11500,"Owner":"","Keys":[],"setName":"","garage":{"enabled":false,"StoredVehicles":[]},"cctv":{"maxleft":80,"maxright":-20,"enabled":false,"rot":{"z":-76.59026336669922,"y":-0.0,"x":-20.23343658447265}},"positions":{"Wardrobe":{"z":-99.00859832763672,"y":-1003.45947265625,"x":259.9942932128906}},"Name":"3013 Marina Dr","Interior":"low-end"},{"Locked":false,"Owned":false,"Entrance":{"z":33.45,"y":3657.13,"x":1435.31},"furniture":[],"plysinside":[],"Price":11500,"Owner":"","Keys":[],"setName":"","garage":{"enabled":false,"StoredVehicles":[]},"cctv":{"maxleft":80,"maxright":-20,"enabled":false,"rot":{"z":95.02767944335938,"y":-0.0,"x":-5.87784767150878}},"positions":{"Wardrobe":{"z":-99.00859832763672,"y":-1003.45947265625,"x":259.9942932128906}},"Name":"3025 Lesbos Ln","Interior":"low-end"},{"Locked":false,"Owned":false,"Entrance":{"z":43.5,"y":2607.8,"x":471.15},"furniture":[],"plysinside":[],"Price":12500,"Owner":"","Keys":[],"setName":"","garage":{"enabled":false,"StoredVehicles":[]},"cctv":{"maxleft":80,"maxright":-20,"enabled":false,"rot":{"z":-166.2356719970703,"y":-0.0,"x":-20.86568069458007}},"positions":{"Wardrobe":{"z":-99.00859832763672,"y":-1003.45947265625,"x":259.9942932128906}},"Name":"4018 Route 68","Interior":"low-end"},{"Locked":false,"Owned":false,"Entrance":{"z":42.28,"y":3087.1,"x":181.03},"furniture":[],"plysinside":[],"Price":7500,"Owner":"","Keys":[],"setName":"","garage":{"enabled":false,"StoredVehicles":[]},"cctv":{"maxleft":80,"maxright":-20,"enabled":false,"rot":{"z":-93.07178497314452,"y":-0.0,"x":-11.2086534500122}},"positions":{"Wardrobe":{"z":-99.00859832763672,"y":-1003.45947265625,"x":259.9942932128906}},"Name":"4013 Joshua Rd","Interior":"low-end"},{"Locked":false,"Owned":false,"Entrance":{"z":73.50999999999999,"y":-593.38,"x":1386.22},"furniture":[],"plysinside":[],"Price":45000,"Owner":"","Keys":[],"setName":"","garage":{"enabled":false,"StoredVehicles":[]},"cctv":{"maxleft":80,"maxright":-20,"enabled":false,"rot":{"z":-127.72049713134766,"y":-0.0,"x":-9.48588275909423}},"positions":{"Wardrobe":{"z":-99.14720153808594,"y":-994.2987060546876,"x":350.7424926757813}},"Name":"7340 Nikola Pl","Interior":"mid-end"},{"Locked":false,"Owned":false,"Entrance":{"z":73.52,"y":-569.49,"x":1388.94},"furniture":[],"plysinside":[],"Price":45000,"Owner":"","Keys":[],"setName":"","garage":{"enabled":false,"StoredVehicles":[]},"cctv":{"maxleft":80,"maxright":-20,"enabled":false,"rot":{"z":-69.5700912475586,"y":-0.0,"x":-9.84068393707275}},"positions":{"Wardrobe":{"z":-99.14720153808594,"y":-994.2987060546876,"x":350.7424926757813}},"Name":"7341 Nikola Pl","Interior":"mid-end"},{"Locked":false,"Owned":false,"Entrance":{"z":73.71,"y":-555.82,"x":1373.19},"furniture":[],"plysinside":[],"Price":4500,"Owner":"","Keys":[],"setName":"","garage":{"enabled":false,"StoredVehicles":[]},"cctv":{"maxleft":80,"maxright":-20,"enabled":false,"rot":{"z":-114.24230194091796,"y":-0.0,"x":-12.52571487426757}},"positions":{"Wardrobe":{"z":-99.14720153808594,"y":-994.2987060546876,"x":350.7424926757813}},"Name":"7341 Nikola Pl","Interior":"mid-end"},{"Locked":false,"Owned":false,"Entrance":{"z":73.72999999999999,"y":-606.62,"x":1367.33},"furniture":[],"plysinside":[],"Price":45000,"Owner":"","Keys":[],"setName":"","garage":{"enabled":false,"StoredVehicles":[]},"cctv":{"maxleft":80,"maxright":-20,"enabled":false,"rot":{"z":-177.74884033203126,"y":-0.0,"x":-10.93433380126953}},"positions":{"Wardrobe":{"z":-99.14720153808594,"y":-994.2987060546876,"x":350.7424926757813}},"Name":"7340 Nikola Pl","Interior":"mid-end"},{"Locked":false,"Owned":false,"Entrance":{"z":73.72,"y":-597.26,"x":1341.64},"furniture":[],"plysinside":[],"Price":45000,"Owner":"","Keys":[],"setName":"","garage":{"enabled":false,"StoredVehicles":[]},"cctv":{"maxleft":80,"maxright":-20,"enabled":false,"rot":{"z":62.37366104125976,"y":-0.0,"x":-17.39539337158203}},"positions":{"Wardrobe":{"z":-99.14720153808594,"y":-994.2987060546876,"x":350.7424926757813}},"Name":"7339 Nikola Pl","Interior":"mid-end"},{"Locked":false,"Owned":false,"Entrance":{"z":72.91,"y":-546.97,"x":1348.31},"furniture":[],"plysinside":[],"Price":45000,"Owner":"","Keys":[],"setName":"","garage":{"enabled":false,"StoredVehicles":[]},"cctv":{"maxleft":80,"maxright":-20,"enabled":false,"rot":{"z":-27.96370315551757,"y":4.342483350683324e-7,"x":-10.56496334075927}},"positions":{"Wardrobe":{"z":-99.14720153808594,"y":-994.2987060546876,"x":350.7424926757813}},"Name":"7342 Nikola Pl","Interior":"mid-end"},{"Locked":false,"Owned":false,"Entrance":{"z":72.27,"y":-583.06,"x":1323.3},"furniture":[],"plysinside":[],"Price":45000,"Owner":"","Keys":[],"setName":"","garage":{"enabled":false,"StoredVehicles":[]},"cctv":{"maxleft":80,"maxright":-20,"enabled":false,"rot":{"z":152.2796173095703,"y":4.441767487151084e-7,"x":-16.03893852233886}},"positions":{"Wardrobe":{"z":-99.14720153808594,"y":-994.2987060546876,"x":350.7424926757813}},"Name":"7339 Nikola Pl","Interior":"mid-end"},{"Locked":false,"Owned":false,"Entrance":{"z":71.46,"y":-535.91,"x":1328.57},"furniture":[],"plysinside":[],"Price":45000,"Owner":"","Keys":[],"setName":"","garage":{"enabled":false,"StoredVehicles":[]},"cctv":{"maxleft":80,"maxright":-20,"enabled":false,"rot":{"z":-111.59012603759766,"y":-0.00000144736395,"x":-53.85140228271484}},"positions":{"Wardrobe":{"z":-99.14720153808594,"y":-994.2987060546876,"x":350.7424926757813}},"Name":"7342 Nikola Pl","Interior":"mid-end"},{"Locked":false,"Owned":false,"Entrance":{"z":70.75,"y":-574.08,"x":1301.02},"furniture":[],"plysinside":[],"Price":45000,"Owner":"","Keys":[],"setName":"","garage":{"enabled":false,"StoredVehicles":[]},"cctv":{"maxleft":80,"maxright":-20,"enabled":false,"rot":{"z":164.71957397460938,"y":4.6078031346041828e-7,"x":-22.11302947998047}},"positions":{"Wardrobe":{"z":-99.14720153808594,"y":-994.2987060546876,"x":350.7424926757813}},"Name":"7339 Nikola Pl","Interior":"mid-end"},{"Locked":false,"Owned":false,"Entrance":{"z":70.47999999999999,"y":-527.3,"x":1303.1},"furniture":[],"plysinside":[],"Price":45000,"Owner":"","Keys":[],"setName":"","garage":{"enabled":false,"StoredVehicles":[]},"cctv":{"maxleft":80,"maxright":-20,"enabled":false,"rot":{"z":-19.26140213012695,"y":4.363083689895575e-7,"x":-11.92860603332519}},"positions":{"Wardrobe":{"z":-99.14720153808594,"y":-994.2987060546876,"x":350.7424926757813}},"Name":"7342 Nikola Pl","Interior":"mid-end"},{"Locked":false,"Owned":false,"Entrance":{"z":56.84,"y":-729.5,"x":996.89},"furniture":[],"plysinside":[],"Price":40000,"Owner":"","Keys":[],"setName":"","garage":{"enabled":false,"StoredVehicles":[]},"cctv":{"maxleft":80,"maxright":-20,"enabled":false,"rot":{"z":125.62109375,"y":-0.0,"x":-58.0705451965332}},"positions":{"Wardrobe":{"z":-99.14720153808594,"y":-994.2987060546876,"x":350.7424926757813}},"Name":"7322 West Mirror Drive","Interior":"mid-end"},{"Locked":false,"Owned":false,"Entrance":{"z":57.24,"y":-716.31,"x":979.11},"furniture":[],"plysinside":[],"Price":40000,"Owner":"","Keys":[],"setName":"","garage":{"enabled":false,"StoredVehicles":[]},"cctv":{"maxleft":80,"maxright":-20,"enabled":false,"rot":{"z":131.13587951660157,"y":-0.0,"x":-15.06083393096923}},"positions":{"Wardrobe":{"z":-99.14720153808594,"y":-994.2987060546876,"x":350.7424926757813}},"Name":"7320 West Mirror Drive","Interior":"mid-end"},{"Locked":false,"Owned":false,"Entrance":{"z":57.5,"y":-701.3,"x":970.88},"furniture":[],"plysinside":[],"Price":40000,"Owner":"","Keys":[],"setName":"","garage":{"enabled":false,"StoredVehicles":[]},"cctv":{"maxleft":80,"maxright":-20,"enabled":false,"rot":{"z":170.76788330078126,"y":3.3350637806961464e-9,"x":-0.14884614944458}},"positions":{"Wardrobe":{"z":-99.14720153808594,"y":-994.2987060546876,"x":350.7424926757813}},"Name":"7320 West Mirror Drive","Interior":"mid-end"},{"Locked":false,"Owned":false,"Entrance":{"z":57.47,"y":-669.85,"x":960.15},"furniture":[],"plysinside":[],"Price":40000,"Owner":"","Keys":[],"setName":"","garage":{"enabled":false,"StoredVehicles":[]},"cctv":{"maxleft":80,"maxright":-20,"enabled":false,"rot":{"z":115.8887939453125,"y":4.346124455878453e-7,"x":-10.81925582885742}},"positions":{"Wardrobe":{"z":-99.14720153808594,"y":-994.2987060546876,"x":350.7424926757813}},"Name":"7319 West Mirror Drive","Interior":"mid-end"},{"Locked":false,"Owned":false,"Entrance":{"z":57.45,"y":-653.51,"x":943.45},"furniture":[],"plysinside":[],"Price":40000,"Owner":"","Keys":[],"setName":"","garage":{"enabled":false,"StoredVehicles":[]},"cctv":{"maxleft":80,"maxright":-20,"enabled":false,"rot":{"z":38.34314727783203,"y":0.00000168464464,"x":-59.54927444458008}},"positions":{"Wardrobe":{"z":-99.14720153808594,"y":-994.2987060546876,"x":350.7424926757813}},"Name":"7319 West Mirror Drive","Interior":"mid-end"},{"Locked":false,"Owned":false,"Entrance":{"z":58.26,"y":-627.65,"x":980.25},"furniture":[],"plysinside":[],"Price":40000,"Owner":"","Keys":[],"setName":"","garage":{"enabled":false,"StoredVehicles":[]},"cctv":{"maxleft":80,"maxright":-20,"enabled":false,"rot":{"z":-144.15000915527345,"y":-0.0,"x":-36.16230392456055}},"positions":{"Wardrobe":{"z":-99.14720153808594,"y":-994.2987060546876,"x":350.7424926757813}},"Name":"7318 West Mirror Drive","Interior":"mid-end"},{"Locked":false,"Owned":false,"Entrance":{"z":57.26,"y":-639.71,"x":928.82},"furniture":[],"plysinside":[],"Price":40000,"Owner":"","Keys":[],"setName":"","garage":{"enabled":false,"StoredVehicles":[]},"cctv":{"maxleft":80,"maxright":-20,"enabled":false,"rot":{"z":137.4777984619141,"y":-0.0,"x":-15.65773868560791}},"positions":{"Wardrobe":{"z":-99.14720153808594,"y":-994.2987060546876,"x":350.7424926757813}},"Name":"7317 West Mirror Drive","Interior":"mid-end"},{"Locked":false,"Owned":false,"Entrance":{"z":57.47,"y":-615.51,"x":902.95},"furniture":[],"plysinside":[],"Price":40000,"Owner":"","Keys":[],"setName":"","garage":{"enabled":false,"StoredVehicles":[]},"cctv":{"maxleft":80,"maxright":-20,"enabled":false,"rot":{"z":46.20460510253906,"y":-0.00000160100864,"x":-57.77318572998047}},"positions":{"Wardrobe":{"z":-99.14720153808594,"y":-994.2987060546876,"x":350.7424926757813}},"Name":"7317 West Mirror Drive","Interior":"mid-end"},{"Locked":false,"Owned":false,"Entrance":{"z":57.47,"y":-608.21,"x":886.77},"furniture":[],"plysinside":[],"Price":40000,"Owner":"","Keys":[],"setName":"","garage":{"enabled":false,"StoredVehicles":[]},"cctv":{"maxleft":80,"maxright":-20,"enabled":false,"rot":{"z":138.07872009277345,"y":-8.718344588487525e-7,"x":-11.68268966674804}},"positions":{"Wardrobe":{"z":-99.14720153808594,"y":-994.2987060546876,"x":350.7424926757813}},"Name":"7316 West Mirror Drive","Interior":"mid-end"},{"Locked":false,"Owned":false,"Entrance":{"z":57.18,"y":-583.65,"x":861.7},"furniture":[],"plysinside":[],"Price":40000,"Owner":"","Keys":[],"setName":"","garage":{"enabled":false,"StoredVehicles":[]},"cctv":{"maxleft":80,"maxright":-20,"enabled":false,"rot":{"z":-176.59844970703126,"y":-0.0,"x":-3.38041257858276}},"positions":{"Wardrobe":{"z":-99.14720153808594,"y":-994.2987060546876,"x":350.7424926757813}},"Name":"7316 West Mirror Drive","Interior":"mid-end"},{"Locked":false,"Owned":false,"Entrance":{"z":57.01,"y":-562.66,"x":844.12},"furniture":[],"plysinside":[],"Price":40000,"Owner":"","Keys":[],"setName":"","garage":{"enabled":false,"StoredVehicles":[]},"cctv":{"maxleft":80,"maxright":-20,"enabled":false,"rot":{"z":12.50613498687744,"y":-2.1754524937023245e-7,"x":-11.14390087127685}},"positions":{"Wardrobe":{"z":-99.14720153808594,"y":-994.2987060546876,"x":350.7424926757813}},"Name":"7312 West Mirror Drive","Interior":"mid-end"},{"Locked":false,"Owned":false,"Entrance":{"z":56.95,"y":-532.68,"x":850.25},"furniture":[],"plysinside":[],"Price":40000,"Owner":"","Keys":[],"setName":"","garage":{"enabled":false,"StoredVehicles":[]},"cctv":{"maxleft":80,"maxright":-20,"enabled":false,"rot":{"z":85.02394104003906,"y":-5.362977262279856e-8,"x":-5.74017667770385}},"positions":{"Wardrobe":{"z":-99.14720153808594,"y":-994.2987060546876,"x":350.7424926757813}},"Name":"7314 West Mirror Drive","Interior":"mid-end"},{"Locked":false,"Owned":false,"Entrance":{"z":56.74,"y":-508.98,"x":861.51},"furniture":[],"plysinside":[],"Price":40000,"Owner":"","Keys":[],"setName":"","garage":{"enabled":false,"StoredVehicles":[]},"cctv":{"maxleft":80,"maxright":-20,"enabled":false,"rot":{"z":46.49221038818359,"y":0.00000154111978,"x":-56.35844421386719}},"positions":{"Wardrobe":{"z":-99.14720153808594,"y":-994.2987060546876,"x":350.7424926757813}},"Name":"7313 West Mirror Drive","Interior":"mid-end"},{"Locked":false,"Owned":false,"Entrance":{"z":57.11000000000001,"y":-497.87,"x":878.44},"furniture":[],"plysinside":[],"Price":40000,"Owner":"","Keys":[],"setName":"","garage":{"enabled":false,"StoredVehicles":[]},"cctv":{"maxleft":80,"maxright":-20,"enabled":false,"rot":{"z":44.91729354858398,"y":-0.0,"x":-64.80823516845703}},"positions":{"Wardrobe":{"z":-99.14720153808594,"y":-994.2987060546876,"x":350.7424926757813}},"Name":"7313 West Mirror Drive","Interior":"mid-end"},{"Locked":false,"Owned":false,"Entrance":{"z":58.46,"y":-489.76,"x":906.46},"furniture":[],"plysinside":[],"Price":40000,"Owner":"","Keys":[],"setName":"","garage":{"enabled":false,"StoredVehicles":[]},"cctv":{"maxleft":80,"maxright":-20,"enabled":false,"rot":{"z":19.29909515380859,"y":-0.0,"x":-14.44456386566162}},"positions":{"Wardrobe":{"z":-99.14720153808594,"y":-994.2987060546876,"x":350.7424926757813}},"Name":"7311 West Mirror Drive","Interior":"mid-end"},{"Locked":false,"Owned":false,"Entrance":{"z":60.1,"y":-477.8,"x":921.78},"furniture":[],"plysinside":[],"Price":40000,"Owner":"","Keys":[],"setName":"","garage":{"enabled":false,"StoredVehicles":[]},"cctv":{"maxleft":80,"maxright":-20,"enabled":false,"rot":{"z":-8.25692367553711,"y":-0.0,"x":-19.33738899230957}},"positions":{"Wardrobe":{"z":-99.14720153808594,"y":-994.2987060546876,"x":350.7424926757813}},"Name":"7311 West Mirror Drive","Interior":"mid-end"},{"Locked":false,"Owned":false,"Entrance":{"z":60.57,"y":-463.17,"x":944.54},"furniture":[],"plysinside":[],"Price":40000,"Owner":"","Keys":[],"setName":"","garage":{"enabled":false,"StoredVehicles":[]},"cctv":{"maxleft":80,"maxright":-20,"enabled":false,"rot":{"z":-55.23443603515625,"y":-8.953837777880835e-7,"x":-17.53591918945312}},"positions":{"Wardrobe":{"z":-99.14720153808594,"y":-994.2987060546876,"x":350.7424926757813}},"Name":"7309 West Mirror Drive","Interior":"mid-end"},{"Locked":false,"Owned":false,"Entrance":{"z":61.81,"y":-451.65,"x":967.16},"furniture":[],"plysinside":[],"Price":40000,"Owner":"","Keys":[],"setName":"","garage":{"enabled":false,"StoredVehicles":[]},"cctv":{"maxleft":80,"maxright":-20,"enabled":false,"rot":{"z":33.32376480102539,"y":8.936335120779404e-7,"x":-17.17726707458496}},"positions":{"Wardrobe":{"z":-99.14720153808594,"y":-994.2987060546876,"x":350.7424926757813}},"Name":"7309 West Mirror Drive","Interior":"mid-end"},{"Locked":false,"Owned":false,"Entrance":{"z":63.06000000000001,"y":-433.03,"x":987.57},"furniture":[],"plysinside":[],"Price":40000,"Owner":"","Keys":[],"setName":"","garage":{"enabled":false,"StoredVehicles":[]},"cctv":{"maxleft":80,"maxright":-20,"enabled":false,"rot":{"z":34.80197525024414,"y":8.771137913754501e-7,"x":-13.24740600585937}},"positions":{"Wardrobe":{"z":-99.14720153808594,"y":-994.2987060546876,"x":350.7424926757813}},"Name":"7307 West Mirror Drive","Interior":"mid-end"},{"Locked":false,"Owned":false,"Entrance":{"z":64.36999999999999,"y":-423.38,"x":1010.38},"furniture":[],"plysinside":[],"Price":40000,"Owner":"","Keys":[],"setName":"","garage":{"enabled":false,"StoredVehicles":[]},"cctv":{"maxleft":80,"maxright":-20,"enabled":false,"rot":{"z":123.14452362060549,"y":-4.402644719903037e-7,"x":-14.16050624847412}},"positions":{"Wardrobe":{"z":-99.14720153808594,"y":-994.2987060546876,"x":350.7424926757813}},"Name":"7307 West Mirror Drive","Interior":"mid-end"},{"Locked":false,"Owned":false,"Entrance":{"z":65.36,"y":-408.36,"x":1028.78},"furniture":[],"plysinside":[],"Price":40000,"Owner":"","Keys":[],"setName":"","garage":{"enabled":false,"StoredVehicles":[]},"cctv":{"maxleft":80,"maxright":-20,"enabled":false,"rot":{"z":41.270263671875,"y":-4.386202476780454e-7,"x":-13.28245830535888}},"positions":{"Wardrobe":{"z":-99.14720153808594,"y":-994.2987060546876,"x":350.7424926757813}},"Name":"7305 West Mirror Drive","Interior":"mid-end"},{"Locked":false,"Owned":false,"Entrance":{"z":67.25,"y":-378.13,"x":1060.52},"furniture":[],"plysinside":[],"Price":40000,"Owner":"","Keys":[],"setName":"","garage":{"enabled":false,"StoredVehicles":[]},"cctv":{"maxleft":80,"maxright":-20,"enabled":false,"rot":{"z":54.3464241027832,"y":-8.817532943794504e-7,"x":-14.47243404388427}},"positions":{"Wardrobe":{"z":-99.14720153808594,"y":-994.2987060546876,"x":350.7424926757813}},"Name":"7305 Bridge St","Interior":"mid-end"},{"Locked":false,"Owned":false,"Entrance":{"z":63.52,"y":-469.3,"x":1014.67},"furniture":[],"plysinside":[],"Price":40000,"Owner":"","Keys":[],"setName":"","garage":{"enabled":false,"StoredVehicles":[]},"cctv":{"maxleft":80,"maxright":-20,"enabled":false,"rot":{"z":-144.52737426757813,"y":-9.047982416632294e-7,"x":-19.33366966247558}},"positions":{"Wardrobe":{"z":-99.14720153808594,"y":-994.2987060546876,"x":350.7424926757813}},"Name":"7306 West Mirror Drive","Interior":"mid-end"},{"Locked":false,"Owned":false,"Entrance":{"z":61.16,"y":-502.36,"x":970.55},"furniture":[],"plysinside":[],"Price":40000,"Owner":"","Keys":[],"setName":"","garage":{"enabled":false,"StoredVehicles":[]},"cctv":{"maxleft":80,"maxright":-20,"enabled":false,"rot":{"z":-107.44925689697266,"y":-0.0,"x":-8.07564449310302}},"positions":{"Wardrobe":{"z":-99.14720153808594,"y":-994.2987060546876,"x":350.7424926757813}},"Name":"7308 West Mirror Drive","Interior":"mid-end"},{"Locked":false,"Owned":false,"Entrance":{"z":59.64,"y":-518.94,"x":945.9},"furniture":[],"plysinside":[],"Price":40000,"Owner":"","Keys":[],"setName":"","garage":{"enabled":false,"StoredVehicles":[]},"cctv":{"maxleft":80,"maxright":-20,"enabled":false,"rot":{"z":119.70294189453124,"y":-0.0,"x":-61.49639892578125}},"positions":{"Wardrobe":{"z":-99.14720153808594,"y":-994.2987060546876,"x":350.7424926757813}},"Name":"7310 West Mirror Drive","Interior":"mid-end"},{"Locked":false,"Owned":false,"Entrance":{"z":58.81,"y":-526.05,"x":924.39},"furniture":[],"plysinside":[],"Price":40000,"Owner":"","Keys":[],"setName":"","garage":{"enabled":false,"StoredVehicles":[]},"cctv":{"maxleft":80,"maxright":-20,"enabled":false,"rot":{"z":-151.43536376953126,"y":-0.0,"x":-17.66978073120117}},"positions":{"Wardrobe":{"z":-99.14720153808594,"y":-994.2987060546876,"x":350.7424926757813}},"Name":"7312 West Mirror Drive","Interior":"mid-end"},{"Locked":false,"Owned":false,"Entrance":{"z":57.53,"y":-540.58,"x":893.24},"furniture":[],"plysinside":[],"Price":40000,"Owner":"","Keys":[],"setName":"","garage":{"enabled":false,"StoredVehicles":[]},"cctv":{"maxleft":80,"maxright":-20,"enabled":false,"rot":{"z":-69.45809936523438,"y":-9.24586970540986e-7,"x":-22.57007217407226}},"positions":{"Wardrobe":{"z":-99.14720153808594,"y":-994.2987060546876,"x":350.7424926757813}},"Name":"7312 West Mirror Drive","Interior":"mid-end"},{"Locked":false,"Owned":false,"Entrance":{"z":57.39,"y":-569.56,"x":919.7},"furniture":[],"plysinside":[],"Price":40000,"Owner":"","Keys":[],"setName":"","garage":{"enabled":false,"StoredVehicles":[]},"cctv":{"maxleft":80,"maxright":-20,"enabled":false,"rot":{"z":28.74713134765625,"y":4.412431167111208e-7,"x":-14.65564727783203}},"positions":{"Wardrobe":{"z":-99.14720153808594,"y":-994.2987060546876,"x":350.7424926757813}},"Name":"7312 Nikola Ave","Interior":"mid-end"},{"Locked":false,"Owned":false,"Entrance":{"z":58.75,"y":-541.93,"x":965.25},"furniture":[],"plysinside":[],"Price":40000,"Owner":"","Keys":[],"setName":"","garage":{"enabled":false,"StoredVehicles":[]},"cctv":{"maxleft":80,"maxright":-20,"enabled":false,"rot":{"z":32.70853805541992,"y":-4.381802227726439e-7,"x":-13.03651428222656}},"positions":{"Wardrobe":{"z":-99.14720153808594,"y":-994.2987060546876,"x":350.7424926757813}},"Name":"7310 Nikola Ave","Interior":"mid-end"},{"Locked":false,"Owned":false,"Entrance":{"z":59.71,"y":-525.76,"x":987.84},"furniture":[],"plysinside":[],"Price":40000,"Owner":"","Keys":[],"setName":"","garage":{"enabled":false,"StoredVehicles":[]},"cctv":{"maxleft":80,"maxright":-20,"enabled":false,"rot":{"z":30.89822769165039,"y":9.366781910102872e-7,"x":-24.28778457641601}},"positions":{"Wardrobe":{"z":-99.14720153808594,"y":-994.2987060546876,"x":350.7424926757813}},"Name":"7310 Nikola Ave","Interior":"mid-end"},{"Locked":false,"Owned":false,"Entrance":{"z":60.01,"y":-510.98,"x":1006.48},"furniture":[],"plysinside":[],"Price":40000,"Owner":"","Keys":[],"setName":"","garage":{"enabled":false,"StoredVehicles":[]},"cctv":{"maxleft":80,"maxright":-20,"enabled":false,"rot":{"z":-65.29899597167969,"y":-0.0,"x":-16.08703422546386}},"positions":{"Wardrobe":{"z":-99.14720153808594,"y":-994.2987060546876,"x":350.7424926757813}},"Name":"7308 Nikola Ave","Interior":"mid-end"},{"Locked":false,"Owned":false,"Entrance":{"z":63.1,"y":-498.06,"x":1046.29},"furniture":[],"plysinside":[],"Price":40000,"Owner":"","Keys":[],"setName":"","garage":{"enabled":false,"StoredVehicles":[]},"cctv":{"maxleft":80,"maxright":-20,"enabled":false,"rot":{"z":144.13137817382813,"y":9.091479000744585e-7,"x":-20.10037040710449}},"positions":{"Wardrobe":{"z":-99.14720153808594,"y":-994.2987060546876,"x":350.7424926757813}},"Name":"7306 Bridge St","Interior":"mid-end"},{"Locked":false,"Owned":false,"Entrance":{"z":63.32,"y":-470.58,"x":1051.04},"furniture":[],"plysinside":[],"Price":40000,"Owner":"","Keys":[],"setName":"","garage":{"enabled":false,"StoredVehicles":[]},"cctv":{"maxleft":80,"maxright":-20,"enabled":false,"rot":{"z":76.4620132446289,"y":-0.0,"x":-11.98972129821777}},"positions":{"Wardrobe":{"z":-99.14720153808594,"y":-994.2987060546876,"x":350.7424926757813}},"Name":"7306 Bridge St","Interior":"mid-end"},{"Locked":false,"Owned":false,"Entrance":{"z":65.28,"y":-448.93,"x":1056.24},"furniture":[],"plysinside":[],"Price":40000,"Owner":"","Keys":[],"setName":"","garage":{"enabled":false,"StoredVehicles":[]},"cctv":{"maxleft":80,"maxright":-20,"enabled":false,"rot":{"z":162.82366943359376,"y":-0.0,"x":-8.78071689605712}},"positions":{"Wardrobe":{"z":-99.14720153808594,"y":-994.2987060546876,"x":350.7424926757813}},"Name":"7306 Bridge St","Interior":"mid-end"},{"Locked":false,"Owned":false,"Entrance":{"z":64.67999999999999,"y":-484.37,"x":1090.46},"furniture":[],"plysinside":[],"Price":40000,"Owner":"","Keys":[],"setName":"","garage":{"enabled":false,"StoredVehicles":[]},"cctv":{"maxleft":80,"maxright":-20,"enabled":false,"rot":{"z":-102.9858856201172,"y":-4.4310172597761268e-7,"x":-15.54805183410644}},"positions":{"Wardrobe":{"z":-99.14720153808594,"y":-994.2987060546876,"x":350.7424926757813}},"Name":"7344 Bridge St","Interior":"mid-end"},{"Locked":false,"Owned":false,"Entrance":{"z":66.33999999999999,"y":-464.52,"x":1098.58},"furniture":[],"plysinside":[],"Price":40000,"Owner":"","Keys":[],"setName":"","garage":{"enabled":false,"StoredVehicles":[]},"cctv":{"maxleft":80,"maxright":-20,"enabled":false,"rot":{"z":-15.62946987152099,"y":2.17306606487e-7,"x":-10.81984233856201}},"positions":{"Wardrobe":{"z":-99.14720153808594,"y":-994.2987060546876,"x":350.7424926757813}},"Name":"7346 Bridge St","Interior":"mid-end"},{"Locked":false,"Owned":false,"Entrance":{"z":66.81,"y":-438.69,"x":1099.44},"furniture":[],"plysinside":[],"Price":40000,"Owner":"","Keys":[],"setName":"","garage":{"enabled":false,"StoredVehicles":[]},"cctv":{"maxleft":80,"maxright":-20,"enabled":false,"rot":{"z":179.49822998046876,"y":-0.0,"x":-11.32894706726074}},"positions":{"Wardrobe":{"z":-99.14720153808594,"y":-994.2987060546876,"x":350.7424926757813}},"Name":"7346 Bridge St","Interior":"mid-end"},{"Locked":false,"Owned":false,"Entrance":{"z":66.58,"y":-411.33,"x":1101.06},"furniture":[],"plysinside":[],"Price":40000,"Owner":"","Keys":[],"setName":"","garage":{"enabled":false,"StoredVehicles":[]},"cctv":{"maxleft":80,"maxright":-20,"enabled":false,"rot":{"z":-93.88529205322266,"y":-5.391471091797939e-8,"x":-8.21971225738525}},"positions":{"Wardrobe":{"z":-99.14720153808594,"y":-994.2987060546876,"x":350.7424926757813}},"Name":"7348 Bridge St","Interior":"mid-end"},{"Locked":false,"Owned":false,"Entrance":{"z":67.97,"y":-391.27,"x":1114.44},"furniture":[],"plysinside":[],"Price":40000,"Owner":"","Keys":[],"setName":"","garage":{"enabled":false,"StoredVehicles":[]},"cctv":{"maxleft":80,"maxright":-20,"enabled":false,"rot":{"z":-112.49811553955078,"y":-0.0,"x":-24.5419979095459}},"positions":{"Wardrobe":{"z":-99.14720153808594,"y":-994.2987060546876,"x":350.7424926757813}},"Name":"7348 West Mirror Drive","Interior":"mid-end"},{"Locked":false,"Owned":false,"Entrance":{"z":69.03999999999999,"y":-429.86,"x":1262.35},"furniture":[],"plysinside":[],"Price":40000,"Owner":"","Keys":[],"setName":"","garage":{"enabled":false,"StoredVehicles":[]},"cctv":{"maxleft":80,"maxright":-20,"enabled":false,"rot":{"z":112.37248229980468,"y":-2.144359569911103e-7,"x":-5.51487922668457}},"positions":{"Wardrobe":{"z":-99.14720153808594,"y":-994.2987060546876,"x":350.7424926757813}},"Name":"7345 East Mirror Dr","Interior":"mid-end"},{"Locked":false,"Owned":false,"Entrance":{"z":69.53999999999999,"y":-458.06,"x":1265.74},"furniture":[],"plysinside":[],"Price":40000,"Owner":"","Keys":[],"setName":"","garage":{"enabled":false,"StoredVehicles":[]},"cctv":{"maxleft":80,"maxright":-20,"enabled":false,"rot":{"z":94.98734283447266,"y":-0.0,"x":-14.86165904998779}},"positions":{"Wardrobe":{"z":-99.14720153808594,"y":-994.2987060546876,"x":350.7424926757813}},"Name":"7945 East Mirror Dr","Interior":"mid-end"},{"Locked":false,"Owned":false,"Entrance":{"z":69.21,"y":-480.18,"x":1259.51},"furniture":[],"plysinside":[],"garage":{"enabled":false,"StoredVehicles":[]},"Owner":"","Price":40000,"setName":"","Keys":[],"cctv":{"maxleft":80,"maxright":-20,"enabled":false,"rot":{"z":125.15465545654296,"y":-0.0,"x":-10.50986766815185}},"positions":{"Wardrobe":{"z":-99.14720153808594,"y":-994.2987060546876,"x":350.7424926757813}},"Name":"7343 East Mirror Dr","Interior":"mid-end"},{"Locked":false,"Owned":false,"Entrance":{"z":68.92999999999999,"y":-494.1,"x":1251.53},"furniture":[],"plysinside":[],"garage":{"enabled":false,"StoredVehicles":[]},"Owner":"","Price":40000,"setName":"","Keys":[],"cctv":{"maxleft":80,"maxright":-20,"enabled":false,"rot":{"z":63.34117126464844,"y":-0.0,"x":-16.31183433532715}},"positions":{"Wardrobe":{"z":-99.14720153808594,"y":-994.2987060546876,"x":350.7424926757813}},"Name":"7343 East Mirror Dr","Interior":"mid-end"},{"Locked":false,"Owned":false,"Entrance":{"z":68.36999999999999,"y":-515.5,"x":1250.9},"furniture":[],"plysinside":[],"garage":{"enabled":false,"StoredVehicles":[]},"Owner":"","Price":40000,"setName":"","Keys":[],"cctv":{"maxleft":80,"maxright":-20,"enabled":false,"rot":{"z":77.79755401611328,"y":-0.0,"x":-17.28229522705078}},"positions":{"Wardrobe":{"z":-99.14720153808594,"y":-994.2987060546876,"x":350.7424926757813}},"Name":"7343 East Mirror Dr","Interior":"mid-end"},{"Locked":false,"Owned":false,"Entrance":{"z":68.67999999999999,"y":-566.43,"x":1241.53},"furniture":[],"plysinside":[],"garage":{"enabled":false,"StoredVehicles":[]},"Owner":"","Price":40000,"setName":"","Keys":[],"cctv":{"maxleft":80,"maxright":-20,"enabled":false,"rot":{"z":130.3302459716797,"y":-0.0,"x":-22.43321228027343}},"positions":{"Wardrobe":{"z":-99.14720153808594,"y":-994.2987060546876,"x":350.7424926757813}},"Name":"7338 East Mirror Dr","Interior":"mid-end"},{"Locked":false,"Owned":false,"Entrance":{"z":68.8,"y":-601.65,"x":1240.54},"furniture":[],"plysinside":[],"garage":{"enabled":false,"StoredVehicles":[]},"Owner":"","Price":40000,"setName":"","Keys":[],"cctv":{"maxleft":80,"maxright":-20,"enabled":false,"rot":{"z":91.53223419189452,"y":-1.3435412782314417e-8,"x":-6.82489442825317}},"positions":{"Wardrobe":{"z":-99.14720153808594,"y":-994.2987060546876,"x":350.7424926757813}},"Name":"7338 East Mirror Dr","Interior":"mid-end"},{"Locked":false,"Owned":false,"Entrance":{"z":68.58999999999999,"y":-620.99,"x":1250.79},"furniture":[],"plysinside":[],"garage":{"enabled":false,"StoredVehicles":[]},"Price":40000,"Owner":"","OwnerName":"","setName":"","Keys":[],"cctv":{"maxleft":80,"maxright":-20,"enabled":false,"rot":{"z":27.77294158935547,"y":-2.145688853261163e-7,"x":-5.87094974517822}},"positions":{"Wardrobe":{"z":-99.14720153808594,"y":-994.2987060546876,"x":350.7424926757813}},"Name":"7336 East Mirror Dr","Interior":"mid-end"},{"Locked":false,"Owned":false,"Entrance":{"z":67.14,"y":-648.63,"x":1265.69},"furniture":[],"plysinside":[],"garage":{"enabled":false,"StoredVehicles":[]},"Owner":"","Price":40000,"setName":"","Keys":[],"cctv":{"maxleft":80,"maxright":-20,"enabled":false,"rot":{"z":-152.5341949462891,"y":-0.0,"x":-14.65502071380615}},"positions":{"Wardrobe":{"z":-99.14720153808594,"y":-994.2987060546876,"x":350.7424926757813}},"Name":"7333 East Mirror Dr","Interior":"mid-end"},{"Locked":false,"Owned":false,"Entrance":{"z":65.05,"y":-683.53,"x":1270.98},"furniture":[],"plysinside":[],"garage":{"enabled":false,"StoredVehicles":[]},"Owner":"","Price":40000,"setName":"","Keys":[],"cctv":{"maxleft":80,"maxright":-20,"enabled":false,"rot":{"z":-171.3050994873047,"y":-0.0,"x":-12.5356969833374}},"positions":{"Wardrobe":{"z":-99.14720153808594,"y":-994.2987060546876,"x":350.7424926757813}},"Name":"7333 East Mirror Dr","Interior":"mid-end"},{"Locked":false,"Owned":false,"Entrance":{"z":63.93,"y":-702.82,"x":1264.75},"furniture":[],"plysinside":[],"garage":{"enabled":false,"StoredVehicles":[]},"Owner":"","Price":40000,"setName":"","Keys":[],"cctv":{"maxleft":80,"maxright":-20,"enabled":false,"rot":{"z":58.4541015625,"y":0.00000175048376,"x":-12.71638584136962}},"positions":{"Wardrobe":{"z":-99.14720153808594,"y":-994.2987060546876,"x":350.7424926757813}},"Name":"7328 East Mirror Dr","Interior":"mid-end"},{"Locked":false,"Owned":false,"Entrance":{"z":59.98,"y":-725.27,"x":1229.58},"furniture":[],"plysinside":[],"garage":{"enabled":false,"StoredVehicles":[]},"Owner":"","Price":40000,"setName":"","Keys":[],"cctv":{"maxleft":80,"maxright":-20,"enabled":false,"rot":{"z":-88.46087646484375,"y":-0.0,"x":-11.09668827056884}},"positions":{"Wardrobe":{"z":-99.14720153808594,"y":-994.2987060546876,"x":350.7424926757813}},"Name":"7328 East Mirror Dr","Interior":"mid-end"},{"Locked":false,"Owned":false,"Entrance":{"z":59.82,"y":-696.93,"x":1223.0},"furniture":[],"plysinside":[],"garage":{"enabled":false,"StoredVehicles":[]},"Owner":"","Price":40000,"setName":"","Keys":[],"cctv":{"maxleft":80,"maxright":-20,"enabled":false,"rot":{"z":-81.23240661621094,"y":-0.0,"x":-17.37718200683593}},"positions":{"Wardrobe":{"z":-99.14720153808594,"y":-994.2987060546876,"x":350.7424926757813}},"Name":"7328 Mirror Park Blvd","Interior":"mid-end"},{"Locked":false,"Owned":false,"Entrance":{"z":62.71,"y":-669.31,"x":1221.46},"furniture":[],"plysinside":[],"garage":{"enabled":false,"StoredVehicles":[]},"Owner":"","Price":40000,"setName":"","Keys":[],"cctv":{"maxleft":80,"maxright":-20,"enabled":false,"rot":{"z":-164.38833618164066,"y":-0.0,"x":-11.55613040924072}},"positions":{"Wardrobe":{"z":-99.14720153808594,"y":-994.2987060546876,"x":350.7424926757813}},"Name":"7333 Mirror Park Blvd","Interior":"mid-end"},{"Locked":false,"Owned":false,"Entrance":{"z":65.46,"y":-620.26,"x":1207.46},"furniture":[],"plysinside":[],"Price":40000,"Owner":"","Keys":[],"setName":"","garage":{"enabled":false,"StoredVehicles":[]},"cctv":{"maxleft":80,"maxright":-20,"enabled":false,"rot":{"z":-87.679443359375,"y":1.3399391818325056e-8,"x":-5.38702487945556}},"positions":{"Wardrobe":{"z":-99.14720153808594,"y":-994.2987060546876,"x":350.7424926757813}},"Name":"7336 Mirror Park Blvd","Interior":"mid-end"},{"Locked":false,"Price":40000,"Entrance":{"z":67.08,"y":-598.41,"x":1203.75},"furniture":[],"setName":"","Owned":false,"Owner":"","garage":{"enabled":false},"cctv":{"enabled":false,"maxright":-20,"maxleft":80,"rot":{"x":-16.58763313293457,"y":-0.0,"z":3.90023970603942}},"Keys":[],"Interior":"mid-end","positions":{"Storage":{"x":343.86859130859377,"y":-1001.140380859375,"z":-99.19619750976563},"Wardrobe":{"x":350.74249267578127,"y":-994.2987060546875,"z":-99.14720153808594}},"Name":"7338 Mirror Park Blvd","plysinside":[]},{"Locked":false,"Price":40000,"Entrance":{"z":68.16,"y":-575.59,"x":1201.01},"furniture":[],"setName":"","Owned":false,"Owner":"","garage":{"enabled":false},"cctv":{"enabled":false,"maxright":-20,"maxleft":80,"rot":{"x":-20.23956108093261,"y":9.099596240957908e-7,"z":-37.31895446777344}},"Keys":[],"Interior":"mid-end","positions":{"Storage":{"x":343.86859130859377,"y":-1001.140380859375,"z":-99.19619750976563},"Wardrobe":{"x":350.74249267578127,"y":-994.2987060546875,"z":-99.14720153808594}},"Name":"7338 Mirror Park Blvd","plysinside":[]}]